[
  {
    "id": "hsk3-001",
    "hanzi": "已经",
    "pinyin": "yǐjīng",
    "meaning": "already"
  },
  {
    "id": "hsk3-002",
    "hanzi": "以后",
    "pinyin": "yǐhòu",
    "meaning": "after; later"
  },
  {
    "id": "hsk3-003",
    "hanzi": "可能",
    "pinyin": "kěnéng",
    "meaning": "maybe; possible"
  },
  {
    "id": "hsk3-004",
    "hanzi": "开始",
    "pinyin": "kāishǐ",
    "meaning": "to start"
  },
  {
    "id": "hsk3-005",
    "hanzi": "应该",
    "pinyin": "yīnggāi",
    "meaning": "should"
  }
]
